Fecha;Hora;Proceso;Método;Mensaje
"03-04-2019";"15:41";"Creacion";"XML Creación";"                <BizAgiWSParam>                    <userName>admon</userName>                    <domain>domain</domain>                    <Cases>                        <Case>                            <Process>AnalisisDeRecursos</Process>                            <Entities>                                <AnalisisDeRecursos>                                    <Usuariocreador>1</Usuariocreador>                                    <Documento>                                        <File fileName='Plan de pruebas.xlsx'>UEsDBBQABgAIAAAAIQA3Mb2RewEAAIQFAAATAAgCW0NvbnRlbnRfVHlwZXNdLnhtbCCiBAIooAACAAAAAAAAAAAAAAAAAAAAAAAAAAAAAAAAAAAAAAAAAAAAAAAAAAAAAAAAAAAAAAAAAAAAAAAAAAAAAAAAAAAAAAAAAAAAAAAAAAAAAAAAAAAAAAAAAAAAAAAAAAAAAAAAAAAAAAAAAAAAAAAAAAAAAAAAAAAAAAAAAAAAAAAAAAAAAAAAAAAAAAAAAAAAAAAAAAAAAAAAAAAAAAAAAAAAAAAAAAAAAAAAAAAAAAAAAAAAAAAAAAAAAAAAAAAAAAAAAAAAAAAAAAAAAAAAAAAAAAAAAAAAAAAAAAAAAAAAAAAAAAAAAAAAAAAAAAAAAAAAAAAAAAAAAAAAAAAAAAAAAAAAAAAAAAAAAAAAAAAAAAAAAAAAAAAAAAAAAAAAAAAAAAAAAAAAAAAAAAAAAAAAAAAAAAAAAAAAAAAAAAAAAAAAAAAAAAAAAAAAAAAAAAAAAAAAAAAAAAAAAAAAAAAAAAAAAAAAAAAAAAAAAAAAAAAAAAAAAAAAAAAAAAAAAAAAAAAAAAAAAAAAAAAAAAAAAAAAAAAAAAAAAAAAAAAAAAAAAAAAAAAAAAAAAAAAAAAAAAAAAAAAAAAAAAAAAAAAAAAAAAAAAAAAAAAAAAAAAAAAAAAAAAAAAAAAAAAAAAAAAAAAAAAAAAAAAAAAAAAAAAAAAAAAAAAAAAAAAAAAAACsVEtvwjAMvk/af6hynWhgh2maKBz2OG5IsB8QGreNaJMoNgz+/dzw0DQBFYJLoybx97AdD8frpk5WENA4m4lB2hcJ2NxpY8tMfM8+es8iQVJWq9pZyMQGUIxH93fD2cYDJhxtMRMVkX+REvMKGoWp82D5pHChUcS/oZRe5QtVgnzs959k7iyBpR61GGI0fINCLWtK3te8vVUyN1Ykr9t7LVUmlPe1yRWxULmy+h9JzxWFyUG7fNkwdIo+gNJYAVBTpz4YZgxTIGJjKORRzgA1Xka6c5VyZBSGlfH4wNZPMLQnp13t4r64HMFoSCYq0Kdq2Ltc1/LHhcXcuUV6HuTS1MQUpY0ydq/7DH+8jDIugxsLaf1F4A4dxD0GMn6vlxBhOgiRNjXgrdMeQbuYKxVAT4m7t7y5gL/YXSlXc86ApHa5ddkj6Dl+ftKT4Dzy1AhweRX2T7SN7nkGgkAGDo/0WLMfGHnkXF12aGeaBn2EW8YZOvoFAAD//wMAUEsDBBQABgAIAAAAIQC1VTAj9AAAAEwCAAALAAgCX3JlbHMvLnJlbHMgogQCKKAAAgAAAAAAAAAAAAAAAAAAAAAAAAAAAAAAAAAAAAAAAAAAAAAAAAAAAAAAAAAAAAAAAAAAAAAAAAAAAAAAAAAAAAAAAAAAAAAAAAAAAAAAAAAAAAAAAAAAAAAAAAAAAAAAAAAAAAAAAAAAAAAAAAAAAAAAAAAAAAAAAAAAAAAAAAAAAAAAAAAAAAAAAAAAAAAAAAAAAAAAAAAAAAAAAAAAAAAAAAAAAAAAAAAAAAAAAAAAAAAAAAAAAAAAAAAAAAAAAAAAAAAAAAAAAAAAAAAAAAAAAAAAAAAAAAAAAAAAAAAAAAAAAAAAAAAAAAAAAAAAAAAAAAAAAAAAAAAAAAAAAAAAAAAAAAAAAAAAAAAAAAAAAAAAAAAAAAAAAAAAAAAAAAAAAAAAAAAAAAAAAAAAAAAAAAAAAAAAAAAAAAAAAAAAAAAAAAAAAAAAAAAAAAAAAAAAAAAAAAAAAAAAAAAAAAAAAAAAAAAAAAAAAAAAAAAAAAAAAAAAAAAAAAAAAAAAAAAAAAAAAAAAAAAAAAAAAAAAAAAAAAAAAAAAAAAAAAAAAAAAAAAAAAAAAAAAAAAAAAAAAAAAAAAAAAAAAAAAAAAAAAAAAAAAAAAAAAAAAAAAAAAAAAAAAAAAAAAAAAAAAAAAAAAAAAAAAAAAAAAAAAAAAAAAAAAAAAAAAAAAAAAArJJNT8MwDIbvSPyHyPfV3ZAQQkt3QUi7IVR+gEncD7WNoyQb3b8nHBBUGoMDR3+9fvzK2908jerIIfbiNKyLEhQ7I7Z3rYaX+nF1ByomcpZGcazhxBF21fXV9plHSnkodr2PKqu4qKFLyd8jRtPxRLEQzy5XGgkTpRyGFj2ZgVrGTVneYviuAdVCU+2thrC3N6Dqk8+bf9eWpukNP4g5TOzSmRXIc2Jn2a58yGwh9fkaVVNoOWmwYp5yOiJ5X2RswPNEm78T/XwtTpzIUiI0Evgyz0fHJaD1f1q0NPHLnXnENwnDq8jwyYKLH6jeAQAA//8DAFBLAwQUAAYACAAAACEAgT6Ul/MAAAC6AgAAGgAIAXhsL19yZWxzL3dvcmtib29rLnhtbC5yZWxzIKIEASigAAEAAAAAAAAAAAAAAAAAAAAAAAAAAAAAAAAAAAAAAAAAAAAAAAAAAAAAAAAAAAAAAAAAAAAAAAAAAAAAAAAAAAAAAAAAAAAAAAAAAAAAAAAAAAAAAAAAAAAAAAAAAAAAAAAAAAAAAAAAAAAAAAAAAAAAAAAAAAAAAAAAAAAAAAAAAAAAAAAAAAAAAAAAAAAAAAAAAAAAAAAAAAAAAAAAAAAAAAAAAAAAAAAAAAAAAAAAAAAAAAAAAAAAAAAAAAAAAAAAAAAAAAAAAAAAAAAAAAAAAAAAAAAAAAAAAAAAAAAAAAAAAAAAAAAAAAAAAAAAAAAAAAAAAAAAAAAAAAAAAAAArFJNS8QwEL0L/ocwd5t2FRHZdC8i7FXrDwjJtCnbJiEzfvTfGyq6XVjWSy8Db4Z5783Hdvc1DuIDE/XBK6iKEgR6E2zvOwVvzfPNAwhi7a0egkcFExLs6uur7QsOmnMTuT6SyCyeFDjm+CglGYejpiJE9LnShjRqzjB1Mmpz0B3KTVney7TkgPqEU+ytgrS3tyCaKWbl/7lD2/YGn4J5H9HzGQlJPA15ANHo1CEr+MFF9gjyvPxmTXnOa8Gj+gzlHKtLHqo1PXyGdCCHyEcffymSc+WimbtV7+F0QvvKKb/b8izL9O9m5MnH1d8AAAD//wMAUEsDBBQABgAIAAAAIQDnIv1jKgIAAHEEAAAPAAAAeGwvd29ya2Jvb2sueG1srFTLjtMwFN0j8Q+W922STtJpoySj6QNNJTSqhmFm082t4zamjh1sl7ZCfBWfwI9xkxAodDMINvG9fhyfe851kptjKcknbqzQKqVB36eEK6ZzobYpff/4pjeixDpQOUiteEpP3NKb7PWr5KDNbq31jiCAsiktnKtiz7Os4CXYvq64wpWNNiU4TM3Ws5XhkNuCc1dKb+D7Q68EoWiLEJuXYOjNRjA+02xfcuVaEMMlOKRvC1HZDq1kL4Erwez2VY/pskKItZDCnRpQSkoWL7ZKG1hLLPsYRB0yhhfQpWBGW71xfYTyWpIX9Qa+FwRtyVmyEZI/tbITqKp7KOtbJCUSrJvnwvE8pUNM9YH/NmH21WQvJK4GYTjwqZf9tGJpMEHet9Jxo8DxqVYOZfoh8L9K0mBPC40GkAf+cS8MR99rZbIEv8BiWNsluILsjUzpNF5NgO3eVcD4anE/X3WuARPfvqrVmZ5wadZfKAqsFsHDwltybfynCFlSd+uT4Af7S7E6JcdnoXJ9SCn2/uksPjTTzyJ3BYo9joa43s7dcbEtXErHUdgY4J1BN/2NVzQjUY2vd/oDBPiO6tZf1M5RYmKBgVnkQUO+O8VAsqUh9dBsjAZR0OzgR/fWuizBEeUVKf0chP7ttT8Oe/78KuqFo/GgNwqvBr1pOBvMo+v5bD6JvvzfpkWX4+7d1ywLMO7RoMn4t3jgmwlYbOK2IOSJPnSsve5U9h0AAP//AwBQSwMEFAAGAAgAAAAhAKTxphvPAwAAPgoAABQAAAB4bC9zaGFyZWRTdHJpbmdzLnhtbIxWUW7cNhD9L9A7EPpKga3lBEXRFusN0q2NGmgcw3b6zyXHaxoUqZDUoj5ODhCgRW+QvVjfULLWFtd2f4y1NBy+ee/NjOZv/2qs2FCIxruj6vXBYSXIKa+NWx9VH69Ovv+pEjFJp6X1jo6qO4rV28W338xjTAJnXTyqblJqf6nrqG6okfHAt+Tw5tqHRib8G9Z1bANJHW+IUmPrN4eHP9aNNK4Syncu4d7XbyrROfOpo2X/5Iefq8U8msU8LS68nddpMa/53/7Rh9UtJbPx5fNIYSMViqE4fXn29W+xlNGLV8dOKP6hSVAIPnw3Db2gT50J5BJN3xyDDJ1PRm+NMqnT5U0XFDub4yi2FHBgmuY8eEWxfOxDkpZxPZP9D782bk/ClQyii50MxoPXEEilffc+DDOQ+tlA5V0KMtL2HynGYDm9/NStA0W+3o0InBcoPZEjZZhIIYXlHDGBM2W2/xYljFliN2a5QyU7BODl9Oz46dsnxYvHp4EoVxtb73TGVGaCor24FBkiMgTScILKiAW0af+PRO/JRXlLo8FeuvjEWNAcsiujUNwsvvAvPMPaWR+FNqDRJfy65pP9E5RlVrZ043sfc3I+yLbHXxZ9R0Nx058UAB1OtLkEqMrnSsuBJO8AiaxY+cR8VTjKE4SdkFvsjoeLuTaKkbP+eSzs1X/E+TjsJe6WXdMC56tLU5/5opMv77uUtei9lDAf9thvKcMaILVkWhF83TmeI9xO08p/7SLXc/HxigNR6oNYfgKTMgfvYHtFmt0fxTlmLLLt0We4eMIO8tjnMAxu2Ehr9BMD79htDGAy453NYyEaJyAqa5Y8LNabKVd8V3N7uKH+3WAozFF4G5Uq2bRsRompx9VOCVvC0X0HPRxt06gHmbkF+gOM6fS3zMY+Ez7SF31quyQbbu5CNDhz8OGAdgNK5HMNM8S91C1L2ayYZ5Wl0OK2C9svGo6fCcK2aBjMTKx5DcxEMm3mGR05+BBRSR1MuZj4tsG62zMSSoWZrp20YwXcIryQht5XPaxiuw1WzFiFFw1mL9B2Pj098ocmwKxne7P7zy08IOtlHtxJYob+fvnuiX2ltp+t6myeuRuz/ZyMKgffFe7PS3GMQE69/SJfnmTjTgHMGRRyoFFqRtmfB2znwQZLU77td9gYoAkGu3mEFRvB3w6GmyFtH3CPE28Nyz9Y+U7YLo8YdLbyvaSF8PduKkNRdINllO+HfRwGOPZr8ZUT/EH/mYMi29DRqtAuf3xo07cJc7E/7EqiCeuTYQzymNG7y2p8/y3+AwAA//8DAFBLAwQUAAYACAAAACEAQb/4YNkAAADKAQAAIwAAAHhsL3dvcmtzaGVldHMvX3JlbHMvc2hlZXQxLnhtbC5yZWxzrJHBTsMwDEDvSPxD5DtJuwNCaOkuCGlXGB/gpW4b0TpRbBD7e4J2odMkLpws2/Lzk73dfS2z+aQiMbGH1jZgiEPqI48e3g7Pdw9gRJF7nBOThxMJ7Lrbm+0Lzah1SKaYxVQKi4dJNT86J2GiBcWmTFw7QyoLak3L6DKGdxzJbZrm3pXfDOhWTLPvPZR9vwFzOOW6+W92GoYY6CmFj4VYr6xwiseZKhDLSOrB2nNFzqG1VRbcdY/2Pz1yiaxUXkm1HlpWRhc9d5G39hj5R9KtPtB9AwAA//8DAFBLAwQUAAYACAAAACEAg01syFYHAADIIAAAEwAAAHhsL3RoZW1lL3RoZW1lMS54bWzsWVuPGzUUfkfiP1jznuY2k8uqKcq1S7vbVt20iEdv4mTc9Ywj29lthCqh8sQLEhIgXpB44wEhkEAC8cKPqdSKy4/g2DPJ2BuHXtgiQLuRVhnnO8fH5xx/PnN89a2HCUOnREjK005QvVIJEEknfErTeSe4Nx6VWgGSCqdTzHhKOsGKyOCta2++cRXvqZgkBIF8KvdwJ4iVWuyVy3ICw1he4QuSwm8zLhKs4FHMy1OBz0Bvwsq1SqVRTjBNA5TiBNSOQQZNCbo9m9EJCa6t1Q8ZzJEqqQcmTBxp5SSXsbDTk6pGyJXsM4FOMesEMNOUn43JQxUghqWCHzpBxfwF5WtXy3gvF2Jqh6wlNzJ/uVwuMD2pmTnF/HgzaRhGYaO70W8ATG3jhs1hY9jY6DMAPJnASjNbXJ3NWj/MsRYo++rRPWgO6lUHb+mvb9ncjfTHwRtQpj/cwo9GffCigzegDB9t4aNeuzdw9RtQhm9s4ZuV7iBsOvoNKGY0PdlCV6JGvb9e7QYy42zfC29H4ahZy5UXKMiGTXbpKWY8VbtyLcEPuBgBQAMZVjRFarUgMzyBPO5jRo8FRQd0HkPiLXDKJQxXapVRpQ7/9Sc030xE8R7BlrS2CyyRW0PaHiQngi5UJ7gBWgML8vSnn548/uHJ4x+ffPDBk8ff5nMbVY7cPk7nttzvX338xxfvo9++//L3Tz7Npj6Plzb+2TcfPvv5l79SDysuXPH0s++e/fDd088/+vXrTzzauwIf2/AxTYhEt8gZussTWKDHfnIsXk5iHGPqSOAYdHtUD1XsAG+tMPPhesR14X0BLOMDXl8+cGw9isVSUc/MN+PEAR5yznpceB1wU89leXi8TOf+ycXSxt3F+NQ3dx+nToCHywXQK/Wp7MfEMfMOw6nCc5IShfRv/IQQz+repdTx6yGdCC75TKF3Keph6nXJmB47iVQI7dME4rLyGQihdnxzeB/1OPOtekBOXSRsC8w8xo8Jc9x4HS8VTnwqxzhhtsMPsIp9Rh6txMTGDaWCSM8J42g4JVL6ZG4LWK8V9JvAMP6wH7JV4iKFoic+nQeYcxs54Cf9GCcLr800jW3s2/IEUhSjO1z54Ifc3SH6GeKA053hvk+JE+7nE8E9IFfbpCJB9C9L4YnldcLd/bhiM0x8LNMVicOuXUG92dFbzp3UPiCE4TM8JQTde9tjQY8vHJ8XRt+IgVX2iS+xbmA3V/VzSiRBpq7ZpsgDKp2UPSJzvsOew9U54lnhNMFil+ZbEHUndeGU81LpbTY5sYG3KBSAkC9ep9yWoMNK7uEurXdi7Jxd+ln683UlnPi9yB6DffngZfclyJCXlgFif2HfjDFzJigSZoyhwPDRLYg44S9E9LlqxJZeuZm7aYswQGHk1DsJTZ9b/Jwre6J/puzxFzAXUPD4Ff+dUmcXpeyfK3B24f6DZc0AL9M7BE6Sbc66rGouq5rgf1/V7NrLl7XMZS1zWcv43r5eSy1TlC9Q2RRdHtPzSXa2fGaUsSO1YuRAmq6PhDea6QgGTTvK9CQ3LcBFDF/zBpODmwtsZJDg6h2q4qMYL6A1VDXNzrnMVc8lWnAJHSMzbJqp5Jxu03daJod8mnU6q1Xd1cxcKLEqxivRZhy6VCpDN5pF926j3vRD56bLujZAy76MEdZkrhF1jxHN9SBE4a+MMCu7ECvaHitaWv06VOsoblwBpm2iAq/cCF7UO0EUZh1kaMZBeT7Vccqayevo6uBcaKR3OZPZGQAl9joDiki3ta07l6dXl6XaC0TaMcJKN9cIKw1jeBHOs9NuuV9krNtFSB3ztCvWu6Ewo9l6HbHWJHKOG1hqMwVL0VknaNQjuFeZ4EUnmEHHGL4mC8gdqd+6MJvDxctEiWzDvwqzLIRUAyzjzOGGdDI2SKgiAjGadAK9/E02sNRwiLGtWgNC+Nca1wZa+bcZB0F3g0xmMzJRdtitEe3p7BEYPuMK769G/NXBWpIvIdxH8fQMHbOluIshxaJmVTtwSiVcHFQzb04p3IRtiKzIv3MHU0679lWUyaFsHLNFjPMTxSbzDG5IdGOOedr4wHrK1wwO3Xbh8VwfsH/71H3+Ua09Z5FmcWY6rKJPTT+Zvr5D3rKqOEQdqzLqNu/UsuC69prrIFG9p8RzTt0XOBAs04rJHNO0xds0rDk7H3VNu8CCwPJEY4ffNmeE1xOvevKD3Pms1QfEuq40iW8uze1bbX78AMhjAPeHS6akCSXcWQsMRV92A5nRBmyRhyqvEeEbWgraCd6rRN2wX4v6pUorGpbCelgptaJuvdSNonp1GFUrg17tERwsKk6qUXZhP4IrDLbKr+3N+NbVfbK+pbky4UmZmyv5sjHcXN1Xa87VfXYNj8b6Zj5AFEjnvUZt1K63e41Su94dlcJBr1Vq9xu90qDRbw5Gg37Uao8eBejUgMNuvR82hq1So9rvl8JGRZvfapeaYa3WDZvd1jDsPsrLGFh5Rh+5L8C9xq5rfwIAAP//AwBQSwMEFAAGAAgAAAAhABaCggXbBAAApCAAAA0AAAB4bC9zdHlsZXMueG1s7Fptb+I4EP5+0v2HyN9pEkrYggirpW2klXovurLSfTWJA746NkpMC7u6/34zdgKhryml3aJrP7TxxB4/Hk9m5rE7+LzMhHPN8oIrGRL/yCMOk7FKuJyG5Ns4ap0Qp9BUJlQoyUKyYgX5PPz1l0GhV4JdzhjTDqiQRUhmWs/7rlvEM5bR4kjNmYQ3qcozqqGZT91injOaFDgoE27b87puRrkkVkM/i5soyWh+tZi3YpXNqeYTLrheGV3EyeL+16lUOZ0IgLr0OzSudJvGHfUZj3NVqFQfgTpXpSmP2V2UPbfngqbhIFVSF06sFlKHpA2qcYb+lVQ3MsJXYMCy13BQfHeuqQCJT9zhIFZC5Y4GywAwI5E0Y7bHKRV8knPsltKMi5UVt1FgjFn2yzgsDYUu4rBohoMJ9rpnrnw6CUkUeeYHR718QjNvARNzIWpmsILhALZDs1xG8NYpn8erOaxXgudY3PDqyd7TnK78dlAb4JoJYakqT8BTqw3wPTC2lQ0HgqUaFpnz6Qz/ajWH3xOlNezrcJBwOlWSCjReNaI+ElwcvDkkegbeWO0WlwlbsiQk3Y4Bg1OUMzTqb7AYKI26A+QKcaP+dnFPr62yyiFhfu5+2B0/RDOvvXSve/7K/vw+QN/6zA/xozm80PQKiHf7eB8AUoZ3yFIxE+ISw/rf6SZlQHBfpo5cZFGmv0Joh3IHk2n1CPmpfLTZwTYwa9S1Wd11te2d9DrLdD3Bc1H5UH2Uox06n4vVyCTHsrjYozar/YvgU5kxrHuwxIGKxTadm5zOx2xp5GinZfp8C2Mltb+1fNqrNih/94jtEW17tDP4BlZMdzy5c3stWLTiht72oCewzFTOv8NQLG+xKCJIIDSPsR2Dj7CcbPmFU8xyLq/GKuIv8pPjh/fiuYh3ddXe20F4aBeDn7SLT5nsIbzdn4zXhG4I1rWMsJUP1pHdQYYUkt+RsIoa6MmCC83lPbkAdCbLWnbpQGgEQZ2acUvmPEPmdM6vSjJnBLECiiGLughCKZNJbZBaaMFlvUsxo4m6qXVZ2OeKZuHHaOK1FU9owVCDQbAzUXyMiG6yQZPIoGGJfykN3B1PHCAB11OIg6QLgxLI/1kUmqerC1roC8BvZFuRBPrgeQIcVfyBxBA7mMoUG05F+b7NzcCqeQZc3QhKu+KzZY9vVTPXOahrvMX8amZES/qI84gRwSqHY8Q3IG5rwl8ztq3u3p2PvCqB3d0Ob/J9vOraq/oE3G0Toh74EJv5xv/LJvcHpymTLMdUuSn/GsQnqBPeKj59OC5Zx7gq8X3Y5MMmTQqkDz/58JPmfgK51Fx3vKdLhh2S/hYpgAuZ5kXJI9XVllKbIJ91Vt1UNR7FHPJF1q11YrkOBFvjZa45x12zdmA4CUvpQujx+mVINs+/sYQvMjhVLHv9ya+VNipCsnm+wKtCv4uUERjpRQF3e/DXWeQ8JD/OR596Z+dRu3XijU5anWMWtHrB6KwVdE5HZ2dRz2t7p//W7pZfcLNsbsDh0NTv9AsB9895udgS/OVGFpJaw8I3F5MAu4691+56XwLfa0XHnt/qdOlJ66R7HLSiwG+fdTuj8yAKatiD3bD7nuv79voewQd9zTNzzrANf1yXwiZB85FFuNVOuJt/Lxj+BwAA//8DAFBLAwQUAAYACAAAACEAWkeaI2cGAAAmHgAAGAAAAHhsL3dvcmtzaGVldHMvc2hlZXQxLnhtbJSZW2/iOBTH31fa7xDlfQi5QAGVjoYyQJFWGu3s7TUNpkQlmE3S27ef42vIOW7avDTF/vtv52fnJMe+/vpaHL1nVlY5P839cDD0PXbK+C4/Pcz9v/9afZn4XlWnp1165Cc2999Y5X+9+f236xdePlYHxmoPHE7V3D/U9XkWBFV2YEVaDfiZnaBmz8sireFn+RBU55KlO9moOAbRcDgOijQ/+cphVn7Gg+/3ecaWPHsq2KlWJiU7pjWMvzrk58q4Fdln7Iq0fHw6f8l4cQaL+/yY12/S1PeKbHb3cOJlen+E+34NkzQz3vIHsS/yrOQV39cDsAvUQOk9T4NpAE4317sc7kBg90q2n/vfotk2nPrBzbUE9E/OXqqL/706vf/Jjiyr2Q7myfcE/3vOH4XwDoqGYFlJgbCs/lem4ey/1TIUroG1vfzfdLGS0/Sj9O7Tit3y47/5rj5AP7AcdmyfPh3rP/nLhuUPhxpKRwBC8Jjt3pasymAioP9BNBL9ZPwIpvDXK3KxogBk+qpGbDwH0WQUjsag97KnquaF6U23Vy0j3RKuL7rldBAmQ9nunlX1Khdj6fSItQdctUeUDK7C4TS+gs4/aQJKeQtw1SZxPBhdDeNQ3MEnTcbaBK7aZBz1NrnSJnDVJgk8np8cASjlbcDV8BwPJqNRMp4IGB0zMdUt4dq0NDPR0U6sHjX58I9pGQ+SaHQ1kexo20AtH7lWl2md3lyX/MWDyACroDqnIs6EM+Er1mEMV/c6hAUoGn0TreY+4AJ1BQ/I800yvg6e4QnItGShJMLSaq7akluHJJm0NUuHZtiWfHdIwrZk5eoJjWbt0KB72jgkUdLu6s6laUu2WgKPmEUTW0kAE2NnB56v1ux0z4pQw+zJ+UAEFqrusktE+pYqpmguqALd/HeqCPFUKAkgsPceNjcvV9fa4YIma2MkIjCKFXmHC7aqYCJD9CXSpBdSoTZII7TCVV0XUqrASKkCI6WKEA1kpSQtpKP2WNcOF4zUSCxSXLBVBRQpRLkeq1SoDVI08wtV14WUKjBSqsBIqSJEMWWlJC2kyGXtcMHxwkgsUlywVQUUKbzOeiAVaoMUDXOh6rqQUgVaPUuqwEipIkTxZaUkLaRo6tbUJUITszESixQXbFUBRQpvqx5IhdogRTgWqq4LKVVgpFSBkVJFhGOpklwijVBsWDtc0EO3MRKLFBdsVQFFKnKYy4+H7teTUBuk+GtB1XUhpYoIM6USzNRhgkayUpIWU/yl4HBBi31jJJYpLtiqAsoUPgZ7MBVqwxQNc6HquphSBWFKJZgpVcRoYlZKcsk0xkwdLjiaGolligu2qoAyFV+hPaBKuaGKZnahK7uwOiSEq0ODwbpsUMRcaU0LLQqZa4dPjCLJxmosXFKy1SUOvACjD14hN3jRDS1CVdmJl0ooXqoheKkkxl9WejQtvPil5RhxjEOs1TR4Te+mZKs1DrwiX/h8mA1VeqHTALQYFrq2k6/OTy7TEwRv6bAhfB02ODBom87I4OgqxqHBahq+pveGrypx8O2XZYWtNAvnWbq2ky/Nb2LC9+Ncy9FTRMIDzbZiEh4cwyHhgeRbtveG73sZV9gv5ZJym8bipEvXdvKlyQ7l+3Hi5eiJxgeaesUkPjiGQ+IDSb5s7w3f99IvsW3YJz5cJmA4915IM7n9Z/NzvFHgkMR428ahIfGBJlAR/hjTNpfxIUFrc+3qCmcNVtPEB5KKaY0jPuBkTOyRJdC++3M3vMzKQpyW6drOdUzTIcr549TM0VNC3nM0OUtwvuvyIeuYpGe2VbOO30vQwn4ZmpTbOIFzNF3byZfmRpTvx3maoyfyAaw1rXWMt2hcPuQ9R3I126rh+162FvZL16Tc8sUJm67t5EvzJMr345zN0RN9z9Gsjb7nHMMh7zmSt9neG77vZW5wytQrDqtsJVHbtTh5k2ZzH6LM+3FYGVxKKF+qIXHYYUPig9LAk9vsWJP3nMOHxAejaeIwLhGHdSI9kEd2ajNcHbGpY4tz+sD+SMuH/FR5R7aXB2Sw4Et1gjYcwP81P4tjM3kSxWs4BjO/DnBKymCzeDiAT5U957X5AaMRvj9Z/XT2eJnDwZs8+Jz7Z17WZZrX0MMsh9PA8m4nT/3g1PDIfqRlXXkZfxLndCHMoy1t1JHcgG7kcERiT3hvfgEAAP//AwBQSwMEFAAGAAgAAAAhAGrqTZdAAQAAVQIAABEACAFkb2NQcm9wcy9jb3JlLnhtbCCiBAEooAABAAAAAAAAAAAAAAAAAAAAAAAAAAAAAAAAAAAAAAAAAAAAAAAAAAAAAAAAAAAAAAAAAAAAAAAAAAAAAAAAAAAAAAAAAAAAAAAAAAAAAAAAAAAAAAAAAAAAAAAAAAAAAAAAAAAAAAAAAAAAAAAAAAAAAAAAAAAAAAAAAAAAAAAAAAAAAAAAAAAAAAAAAAAAAAAAAAAAAAAAAAAAAAAAAAAAAAAAAAAAAAAAAAAAAAAAAAAAAAAAAAAAAAAAAAAAAAAAAAAAAAAAAAAAAAAAAAAAAAAAAAAAAAAAAAAAAAAAAAAAAAAAAAAAAAAAAAAAAAAAAAAAAAAAAAAAAAAAAAAAAIySUUvDMBSF3wX/Q8l7m6YduoW2A5Xhg4OBE8W3kNx1xSYNSbTbvzdtt1qZDz7ee06+e+4l2fIg6+ALjK0alSMSxSgAxRtRqTJHL9tVOEeBdUwJVjcKcnQEi5bF9VXGNeWNgY1pNBhXgQ08SVnKdY72zmmKseV7kMxG3qG8uGuMZM6XpsSa8Q9WAk7i+AZLcEwwx3AHDPVIRCek4CNSf5q6BwiOoQYJyllMIoJ/vA6MtH8+6JWJU1buqP1Op7hTtuCDOLoPthqNbdtGbdrH8PkJfls/PferhpXqbsUBFZnglBtgrjHF4ybDk7I7Xc2sW/sr7yoQd8fecdn1jD7yAAIR+BB0iHxWXtP7h+0KFUlMbsN4EcbzLUloOqfJ7L0b+ut9F2poyNPofxJnlKSULCbEM6DI8MVHKL4BAAD//wMAUEsDBBQABgAIAAAAIQAKrBYt5wEAADQEAAAUAAAAeGwvdGFibGVzL3RhYmxlMS54bWx0k19u2zAMxt8H7A6CnrqHxXbapn8Qp9iyBeiwpkXTHYCxmEaDLBqSnDa36hl2stF2UliY92aT+lEfqY/Tm9fSiB06r8nmMhulUqAtSGn7nMtfT4vPl1L4AFaBIYu53KOXN7OPH6YB1gYF09bnchtCdZ0kvthiCX5EFVrObMiVEPjXPSe+cgjKbxFDaZJxmk6SErSVQiu+VgoLJVd/4qLAf0r7ysB+GQUdbnL5ZXz9I7uSIlAA4x/pZbWlF1bOurd8AToOfXvd3HLVfugrOc4dEtmY+UZ+HD3tVY0zmZxNoQ600CagE30hyaybxJxMXVovCqpt4I5SRto7ukTc5tLRSMzBk1AoKlfjGrhnCHAUmMq4bouz6m5KD44K9BQhV0MEd3ScK08/WdS24GcGoxWoiL4cos+O9COZ6PTF0Onz4+n79W8MehfLmwwhk6ghpUuNNvxvJudDFS7eJaKvTQBFAn2Fjj8ixWdDMDu7m868Liv28slKJ0v6FIGnQyDbrwPv1x7dDpqh8lr0X3A8xLEpDuDyz1v3/iffrSgORkDnyMXXZ02ZpOcjf3DVKuwN3toN9RYH2+AdKl2X7BXPi7HQzofOge0+NLGf8E+oWaPgdIW8yrx9zakOeo+2huyEzP4CAAD//wMAUEsDBBQABgAIAAAAIQAcuaarewEAAIwEAAAnAAAAeGwvcHJpbnRlclNldHRpbmdzL3ByaW50ZXJTZXR0aW5nczEuYmlu7FPLSsNAFD1JREQX+gFdiCtBCrX05bJNUm3Jo+Qh3cZmWoIxE8ZEWsW/8EPcu/AD/AV/QH9Cb4qCVFEKbgRnOPc19547D+YIA2yDkRSIkCAjb4/Qp1iGNkJcIJjHA0wotjikFWX1EbeKeg9ZgoTndb4Wkt7EUJZJD2WFpDFny0iKTwzLB6S3kkLLBImMFxqHPbf2kU3rWf4OWtKNUsLD3ezpu04bC4vvPX5hu/8Uf+QGlnnzFiW7ptcvjraFXekKTeho0dSxjwq6KKOKGhrklUnXaKWwDmhW6F+VCVVCE3XKqUNDh2oaUHFNjL0kzbNOlKBrO6Zr+46qw9FdzTDgJ5Fg54XV5yeDYMJsETKBruBJ5vFOMDqFlqcxm8KyLR0aH+VnLMksP6X+Ko+5MHnIYI/HhRcHGdkWBkHKhBtdMhi65+kObBFRVZBFPMHAdjyn3fNgsjAKvFnK0PY9Gw4753E+T2lUKlPCzw9dopTjmmZ+ddevAAAA//8DAFBLAwQUAAYACAAAACEAmAnzbJEBAAAXAwAAEAAIAWRvY1Byb3BzL2FwcC54bWwgogQBKKAAAQAAAAAAAAAAAAAAAAAAAAAAAAAAAAAAAAAAAAAAAAAAAAAAAAAAAAAAAAAAAAAAAAAAAAAAAAAAAAAAAAAAAAAAAAAAAAAAAAAAAAAAAAAAAAAAAAAAAAAAAAAAAAAAAAAAAAAAAAAAAAAAAAAAAAAAAAAAAAAAAAAAAAAAAAAAAAAAAAAAAAAAAAAAAAAAAAAAAAAAAAAAAAAAAAAAAAAAAAAAAAAAAAAAAAAAAAAAAAAAAAAAAAAAAAAAAAAAAAAAAAAAAAAAAAAAAAAAAAAAAAAAAAAAAAAAAAAAAAAAAAAAAAAAAAAAAAAAAAAAAAAAAAAAAAAAAAAAAAAAAACcks9u2zAMxu8D9g6C7o2c7g+GQFYxpBty2LAASXtnZTrRJkuGxBjJ3mbPshcbbaOJs/W0G8mP+vQTRX13bLzoMGUXQynns0IKDDZWLuxK+bD9fPNBikwQKvAxYClPmOWdef1Kr1NsMZHDLNgi5FLuidqFUtnusYE8YzmwUsfUAHGadirWtbN4H+2hwUDqtijeKzwShgqrm/ZsKEfHRUf/a1pF2/Plx+2pZWCjP7atdxaIX2m+OptijjWJT0eLXqupqJlug/aQHJ1ModU01RsLHpdsbGrwGbW6FPQKoR/aGlzKRne06NBSTCK7nzy2WymeIGOPU8oOkoNAjNW3jckQ+zZTMqv4HbKoUNjfv7w9+KgV943aEE6PTGP31syHBg6uG3uDkYeFa9KtI4/5W72GRC+Az6fgA8OIfUEdr5ziDQ/ni/6yXsamhXBi4Rx9ceFHfmi38R4In4d6XdSbPSSs+B/OQz8X9IrnmXxvstxD2GH13POv0K/A47jnZv5uVrwp+HcnNa0uG23+AAAA//8DAFBLAQItABQABgAIAAAAIQA3Mb2RewEAAIQFAAATAAAAAAAAAAAAAAAAAAAAAABbQ29udGVudF9UeXBlc10ueG1sUEsBAi0AFAAGAAgAAAAhALVVMCP0AAAATAIAAAsAAAAAAAAAAAAAAAAAtAMAAF9yZWxzLy5yZWxzUEsBAi0AFAAGAAgAAAAhAIE+lJfzAAAAugIAABoAAAAAAAAAAAAAAAAA2QYAAHhsL19yZWxzL3dvcmtib29rLnhtbC5yZWxzUEsBAi0AFAAGAAgAAAAhAOci/WMqAgAAcQQAAA8AAAAAAAAAAAAAAAAADAkAAHhsL3dvcmtib29rLnhtbFBLAQItABQABgAIAAAAIQCk8aYbzwMAAD4KAAAUAAAAAAAAAAAAAAAAAGMLAAB4bC9zaGFyZWRTdHJpbmdzLnhtbFBLAQItABQABgAIAAAAIQBBv/hg2QAAAMoBAAAjAAAAAAAAAAAAAAAAAGQPAAB4bC93b3Jrc2hlZXRzL19yZWxzL3NoZWV0MS54bWwucmVsc1BLAQItABQABgAIAAAAIQCDTWzIVgcAAMggAAATAAAAAAAAAAAAAAAAAH4QAAB4bC90aGVtZS90aGVtZTEueG1sUEsBAi0AFAAGAAgAAAAhABaCggXbBAAApCAAAA0AAAAAAAAAAAAAAAAABRgAAHhsL3N0eWxlcy54bWxQSwECLQAUAAYACAAAACEAWkeaI2cGAAAmHgAAGAAAAAAAAAAAAAAAAAALHQAAeGwvd29ya3NoZWV0cy9zaGVldDEueG1sUEsBAi0AFAAGAAgAAAAhAGrqTZdAAQAAVQIAABEAAAAAAAAAAAAAAAAAqCMAAGRvY1Byb3BzL2NvcmUueG1sUEsBAi0AFAAGAAgAAAAhAAqsFi3nAQAANAQAABQAAAAAAAAAAAAAAAAAHyYAAHhsL3RhYmxlcy90YWJsZTEueG1sUEsBAi0AFAAGAAgAAAAhABy5pqt7AQAAjAQAACcAAAAAAAAAAAAAAAAAOCgAAHhsL3ByaW50ZXJTZXR0aW5ncy9wcmludGVyU2V0dGluZ3MxLmJpblBLAQItABQABgAIAAAAIQCYCfNskQEAABcDAAAQAAAAAAAAAAAAAAAAAPgpAABkb2NQcm9wcy9hcHAueG1sUEsFBgAAAAANAA0AaAMAAL8sAAAAAA==</File>                                    </Documento>                                    <RecursosInvolucrados>                                                                <M_RecursosInvolucrados>                            <Nombre>Prueba</Nombre>                            <Cantidad>10</Cantidad>                            <Unidad>1</Unidad>                       </M_RecursosInvolucrados>                        <M_RecursosInvolucrados>                            <Nombre>Azúcar</Nombre>                            <Cantidad>10</Cantidad>                            <Unidad>6</Unidad>                       </M_RecursosInvolucrados>                                    </RecursosInvolucrados>                                </AnalisisDeRecursos>                            </Entities>                        </Case>                    </Cases>                </BizAgiWSParam>                "
"03-04-2019";"15:41";"Creacion";"XML Respuesta creación";"<?xml version="1.0" encoding="utf-8"?><processes><process><processId>1454</processId><processRadNumber>1454</processRadNumber><savedMessage><Entities></Entities></savedMessage><ProcessGuid>4bf7bf5b-c7c1-4c3b-adae-6cf5e5fa81f3</ProcessGuid><processWorkflowClass><workflowClassId>9</workflowClassId><workflowClassName>AnalisisDeRecursos</workflowClassName><workflowClassDisplayName>Analisis de Recursos</workflowClassDisplayName><workflowClassDescription></workflowClassDescription><workflowClassHelpText></workflowClassHelpText><workflowClassDisplayOrder>1</workflowClassDisplayOrder><workflowClassCreationDate>3/29/2019 11:44:56 AM</workflowClassCreationDate><workflowClassGlobalForm>00000000-0000-0000-0000-000000000000</workflowClassGlobalForm><workflowClassAllocationPrinciple>FIFO</workflowClassAllocationPrinciple><workflowClassProcessType>Process</workflowClassProcessType><workflowClassDisplay>True</workflowClassDisplay><workflowClassUseParentRadicationNumber>True</workflowClassUseParentRadicationNumber></processWorkflowClass><processError><errorCode></errorCode><errorMessage></errorMessage></processError><CurrentWorkItems><workItem><workItemId>1907</workItemId><workItemState>Inactive</workItemState><workItemEntryDate>4/3/2019 3:41:58 PM</workItemEntryDate><workItemDuration>0</workItemDuration><workItemEstimatedSolutionDate>4/3/2019 3:41:58 PM</workItemEstimatedSolutionDate><task><taskId>65</taskId><taskName>Activity_1</taskName><taskDisplayName>Ingresar Solicitud</taskDisplayName><taskDescription></taskDescription><taskHelpText></taskHelpText><taskEstimatedDuration>0</taskEstimatedDuration><taskType>UserInteraction</taskType><taskCost>0</taskCost><taskPriority>Normal</taskPriority></task></workItem></CurrentWorkItems></process></processes>"
"03-04-2019";"15:42";"Busqueda";"XML Forma de resumen: Búsqueda";"                <BizAgiWSParam>                <CaseInfo>                <CaseNumber>1454</CaseNumber>                </CaseInfo>                <XPaths>                        <XPath XPath="AnalisisDeRecursos.Usuariocreador.fullName"/>                <XPath XPath="AnalisisDeRecursos.Usuariocreador.contactEmail"/>                        <XPath XPath="AnalisisDeRecursos.Fechadecreacion"/>                        <XPath XPath="AnalisisDeRecursos.Documento"/>                <XPath XPath="AnalisisDeRecursos.RecursosInvolucrados.Nombre"/>                        <XPath XPath="AnalisisDeRecursos.RecursosInvolucrados.Cantidad"/>                        <XPath XPath="AnalisisDeRecursos.RecursosInvolucrados.Unidad.NombreUnidad"/>                    </XPaths>                </BizAgiWSParam>            "
"03-04-2019";"15:42";"Busqueda";"XML Forma de resumen: Respuesta búsqueda";"                <BizAgiWSParam>                <CaseInfo>                <CaseNumber>1454</CaseNumber>                </CaseInfo>                <XPaths>                        <XPath XPath="AnalisisDeRecursos.Usuariocreador.fullName"/>                <XPath XPath="AnalisisDeRecursos.Usuariocreador.contactEmail"/>                        <XPath XPath="AnalisisDeRecursos.Fechadecreacion"/>                        <XPath XPath="AnalisisDeRecursos.Documento"/>                <XPath XPath="AnalisisDeRecursos.RecursosInvolucrados.Nombre"/>                        <XPath XPath="AnalisisDeRecursos.RecursosInvolucrados.Cantidad"/>                        <XPath XPath="AnalisisDeRecursos.RecursosInvolucrados.Unidad.NombreUnidad"/>                    </XPaths>                </BizAgiWSParam>            "
"04-04-2019";"12:17";"Busqueda";"XML Forma de resumen: Búsqueda";"                <BizAgiWSParam>                <CaseInfo>                <CaseNumber>1463</CaseNumber>                </CaseInfo>                <XPaths>                        <XPath XPath="AnalisisDeRecursos.Usuariocreador.fullName"/>                <XPath XPath="AnalisisDeRecursos.Usuariocreador.contactEmail"/>                        <XPath XPath="AnalisisDeRecursos.Fechadecreacion"/>                        <XPath XPath="AnalisisDeRecursos.Documento"/>                <XPath XPath="AnalisisDeRecursos.RecursosInvolucrados.Nombre"/>                        <XPath XPath="AnalisisDeRecursos.RecursosInvolucrados.Cantidad"/>                        <XPath XPath="AnalisisDeRecursos.RecursosInvolucrados.Unidad.NombreUnidad"/>                    </XPaths>                </BizAgiWSParam>            "
"04-04-2019";"12:17";"Busqueda";"XML Forma de resumen: Respuesta búsqueda";"                <BizAgiWSParam>                <CaseInfo>                <CaseNumber>1463</CaseNumber>                </CaseInfo>                <XPaths>                        <XPath XPath="AnalisisDeRecursos.Usuariocreador.fullName"/>                <XPath XPath="AnalisisDeRecursos.Usuariocreador.contactEmail"/>                        <XPath XPath="AnalisisDeRecursos.Fechadecreacion"/>                        <XPath XPath="AnalisisDeRecursos.Documento"/>                <XPath XPath="AnalisisDeRecursos.RecursosInvolucrados.Nombre"/>                        <XPath XPath="AnalisisDeRecursos.RecursosInvolucrados.Cantidad"/>                        <XPath XPath="AnalisisDeRecursos.RecursosInvolucrados.Unidad.NombreUnidad"/>                    </XPaths>                </BizAgiWSParam>            "
"04-04-2019";"12:17";"Creacion";"Error Creación";"Referencia a objeto no establecida como instancia de un objeto."
"04-04-2019";"12:18";"Busqueda";"XML Forma de resumen: Búsqueda";"                <BizAgiWSParam>                <CaseInfo>                <CaseNumber>1463</CaseNumber>                </CaseInfo>                <XPaths>                        <XPath XPath="AnalisisDeRecursos.Usuariocreador.fullName"/>                <XPath XPath="AnalisisDeRecursos.Usuariocreador.contactEmail"/>                        <XPath XPath="AnalisisDeRecursos.Fechadecreacion"/>                        <XPath XPath="AnalisisDeRecursos.Documento"/>                <XPath XPath="AnalisisDeRecursos.RecursosInvolucrados.Nombre"/>                        <XPath XPath="AnalisisDeRecursos.RecursosInvolucrados.Cantidad"/>                        <XPath XPath="AnalisisDeRecursos.RecursosInvolucrados.Unidad.NombreUnidad"/>                    </XPaths>                </BizAgiWSParam>            "
"04-04-2019";"12:18";"Creacion";"Error Creación";"Se ha excedido la cuota de tamaño máximo de los mensajes entrantes (65536). Para aumentar la cuota, use la propiedad MaxReceivedMessageSize en el elemento de enlace correspondiente."
"04-04-2019";"12:18";"Busqueda";"XML Forma de resumen: Búsqueda";"                <BizAgiWSParam>                <CaseInfo>                <CaseNumber>1463</CaseNumber>                </CaseInfo>                <XPaths>                        <XPath XPath="AnalisisDeRecursos.Usuariocreador.fullName"/>                <XPath XPath="AnalisisDeRecursos.Usuariocreador.contactEmail"/>                        <XPath XPath="AnalisisDeRecursos.Fechadecreacion"/>                        <XPath XPath="AnalisisDeRecursos.Documento"/>                <XPath XPath="AnalisisDeRecursos.RecursosInvolucrados.Nombre"/>                        <XPath XPath="AnalisisDeRecursos.RecursosInvolucrados.Cantidad"/>                        <XPath XPath="AnalisisDeRecursos.RecursosInvolucrados.Unidad.NombreUnidad"/>                    </XPaths>                </BizAgiWSParam>            "
"04-04-2019";"12:20";"Busqueda";"XML Forma de resumen: Búsqueda";"                <BizAgiWSParam>                <CaseInfo>                <CaseNumber>1463</CaseNumber>                </CaseInfo>                <XPaths>                        <XPath XPath="AnalisisDeRecursos.Usuariocreador.fullName"/>                <XPath XPath="AnalisisDeRecursos.Usuariocreador.contactEmail"/>                        <XPath XPath="AnalisisDeRecursos.Fechadecreacion"/>                        <XPath XPath="AnalisisDeRecursos.Documento"/>                <XPath XPath="AnalisisDeRecursos.RecursosInvolucrados.Nombre"/>                        <XPath XPath="AnalisisDeRecursos.RecursosInvolucrados.Cantidad"/>                        <XPath XPath="AnalisisDeRecursos.RecursosInvolucrados.Unidad.NombreUnidad"/>                    </XPaths>                </BizAgiWSParam>            "
"04-04-2019";"12:20";"Busqueda";"XML Forma de resumen: Respuesta búsqueda";"                <BizAgiWSParam>                <CaseInfo>                <CaseNumber>1463</CaseNumber>                </CaseInfo>                <XPaths>                        <XPath XPath="AnalisisDeRecursos.Usuariocreador.fullName"/>                <XPath XPath="AnalisisDeRecursos.Usuariocreador.contactEmail"/>                        <XPath XPath="AnalisisDeRecursos.Fechadecreacion"/>                        <XPath XPath="AnalisisDeRecursos.Documento"/>                <XPath XPath="AnalisisDeRecursos.RecursosInvolucrados.Nombre"/>                        <XPath XPath="AnalisisDeRecursos.RecursosInvolucrados.Cantidad"/>                        <XPath XPath="AnalisisDeRecursos.RecursosInvolucrados.Unidad.NombreUnidad"/>                    </XPaths>                </BizAgiWSParam>            "
"04-04-2019";"12:25";"Busqueda";"XML Forma de resumen: Búsqueda";"                <BizAgiWSParam>                <CaseInfo>                <CaseNumber>1465</CaseNumber>                </CaseInfo>                <XPaths>                        <XPath XPath="AnalisisDeRecursos.Usuariocreador.fullName"/>                <XPath XPath="AnalisisDeRecursos.Usuariocreador.contactEmail"/>                        <XPath XPath="AnalisisDeRecursos.Fechadecreacion"/>                        <XPath XPath="AnalisisDeRecursos.Documento"/>                <XPath XPath="AnalisisDeRecursos.RecursosInvolucrados.Nombre"/>                        <XPath XPath="AnalisisDeRecursos.RecursosInvolucrados.Cantidad"/>                        <XPath XPath="AnalisisDeRecursos.RecursosInvolucrados.Unidad.NombreUnidad"/>                    </XPaths>                </BizAgiWSParam>            "
"04-04-2019";"12:25";"Busqueda";"XML Forma de resumen: Respuesta búsqueda";"                <BizAgiWSParam>                <CaseInfo>                <CaseNumber>1465</CaseNumber>                </CaseInfo>                <XPaths>                        <XPath XPath="AnalisisDeRecursos.Usuariocreador.fullName"/>                <XPath XPath="AnalisisDeRecursos.Usuariocreador.contactEmail"/>                        <XPath XPath="AnalisisDeRecursos.Fechadecreacion"/>                        <XPath XPath="AnalisisDeRecursos.Documento"/>                <XPath XPath="AnalisisDeRecursos.RecursosInvolucrados.Nombre"/>                        <XPath XPath="AnalisisDeRecursos.RecursosInvolucrados.Cantidad"/>                        <XPath XPath="AnalisisDeRecursos.RecursosInvolucrados.Unidad.NombreUnidad"/>                    </XPaths>                </BizAgiWSParam>            "
"04-04-2019";"12:26";"Busqueda";"XML Forma de resumen: Búsqueda";"                <BizAgiWSParam>                <CaseInfo>                <CaseNumber>1464</CaseNumber>                </CaseInfo>                <XPaths>                        <XPath XPath="AnalisisDeRecursos.Usuariocreador.fullName"/>                <XPath XPath="AnalisisDeRecursos.Usuariocreador.contactEmail"/>                        <XPath XPath="AnalisisDeRecursos.Fechadecreacion"/>                        <XPath XPath="AnalisisDeRecursos.Documento"/>                <XPath XPath="AnalisisDeRecursos.RecursosInvolucrados.Nombre"/>                        <XPath XPath="AnalisisDeRecursos.RecursosInvolucrados.Cantidad"/>                        <XPath XPath="AnalisisDeRecursos.RecursosInvolucrados.Unidad.NombreUnidad"/>                    </XPaths>                </BizAgiWSParam>            "
"04-04-2019";"12:26";"Busqueda";"XML Forma de resumen: Respuesta búsqueda";"                <BizAgiWSParam>                <CaseInfo>                <CaseNumber>1464</CaseNumber>                </CaseInfo>                <XPaths>                        <XPath XPath="AnalisisDeRecursos.Usuariocreador.fullName"/>                <XPath XPath="AnalisisDeRecursos.Usuariocreador.contactEmail"/>                        <XPath XPath="AnalisisDeRecursos.Fechadecreacion"/>                        <XPath XPath="AnalisisDeRecursos.Documento"/>                <XPath XPath="AnalisisDeRecursos.RecursosInvolucrados.Nombre"/>                        <XPath XPath="AnalisisDeRecursos.RecursosInvolucrados.Cantidad"/>                        <XPath XPath="AnalisisDeRecursos.RecursosInvolucrados.Unidad.NombreUnidad"/>                    </XPaths>                </BizAgiWSParam>            "
"04-04-2019";"12:26";"Creacion";"Error Creación";"Referencia a objeto no establecida como instancia de un objeto."
"04-04-2019";"12:27";"Busqueda";"XML Forma de resumen: Búsqueda";"                <BizAgiWSParam>                <CaseInfo>                <CaseNumber>1462</CaseNumber>                </CaseInfo>                <XPaths>                        <XPath XPath="AnalisisDeRecursos.Usuariocreador.fullName"/>                <XPath XPath="AnalisisDeRecursos.Usuariocreador.contactEmail"/>                        <XPath XPath="AnalisisDeRecursos.Fechadecreacion"/>                        <XPath XPath="AnalisisDeRecursos.Documento"/>                <XPath XPath="AnalisisDeRecursos.RecursosInvolucrados.Nombre"/>                        <XPath XPath="AnalisisDeRecursos.RecursosInvolucrados.Cantidad"/>                        <XPath XPath="AnalisisDeRecursos.RecursosInvolucrados.Unidad.NombreUnidad"/>                    </XPaths>                </BizAgiWSParam>            "
"04-04-2019";"12:27";"Busqueda";"XML Forma de resumen: Búsqueda";"                <BizAgiWSParam>                <CaseInfo>                <CaseNumber>1463</CaseNumber>                </CaseInfo>                <XPaths>                        <XPath XPath="AnalisisDeRecursos.Usuariocreador.fullName"/>                <XPath XPath="AnalisisDeRecursos.Usuariocreador.contactEmail"/>                        <XPath XPath="AnalisisDeRecursos.Fechadecreacion"/>                        <XPath XPath="AnalisisDeRecursos.Documento"/>                <XPath XPath="AnalisisDeRecursos.RecursosInvolucrados.Nombre"/>                        <XPath XPath="AnalisisDeRecursos.RecursosInvolucrados.Cantidad"/>                        <XPath XPath="AnalisisDeRecursos.RecursosInvolucrados.Unidad.NombreUnidad"/>                    </XPaths>                </BizAgiWSParam>            "
"04-04-2019";"12:27";"Busqueda";"XML Forma de resumen: Respuesta búsqueda";"                <BizAgiWSParam>                <CaseInfo>                <CaseNumber>1462</CaseNumber>                </CaseInfo>                <XPaths>                        <XPath XPath="AnalisisDeRecursos.Usuariocreador.fullName"/>                <XPath XPath="AnalisisDeRecursos.Usuariocreador.contactEmail"/>                        <XPath XPath="AnalisisDeRecursos.Fechadecreacion"/>                        <XPath XPath="AnalisisDeRecursos.Documento"/>                <XPath XPath="AnalisisDeRecursos.RecursosInvolucrados.Nombre"/>                        <XPath XPath="AnalisisDeRecursos.RecursosInvolucrados.Cantidad"/>                        <XPath XPath="AnalisisDeRecursos.RecursosInvolucrados.Unidad.NombreUnidad"/>                    </XPaths>                </BizAgiWSParam>            "
"04-04-2019";"12:27";"Creacion";"Error Creación";"Referencia a objeto no establecida como instancia de un objeto."
"04-04-2019";"12:27";"Busqueda";"XML Forma de resumen: Respuesta búsqueda";"                <BizAgiWSParam>                <CaseInfo>                <CaseNumber>1463</CaseNumber>                </CaseInfo>                <XPaths>                        <XPath XPath="AnalisisDeRecursos.Usuariocreador.fullName"/>                <XPath XPath="AnalisisDeRecursos.Usuariocreador.contactEmail"/>                        <XPath XPath="AnalisisDeRecursos.Fechadecreacion"/>                        <XPath XPath="AnalisisDeRecursos.Documento"/>                <XPath XPath="AnalisisDeRecursos.RecursosInvolucrados.Nombre"/>                        <XPath XPath="AnalisisDeRecursos.RecursosInvolucrados.Cantidad"/>                        <XPath XPath="AnalisisDeRecursos.RecursosInvolucrados.Unidad.NombreUnidad"/>                    </XPaths>                </BizAgiWSParam>            "
"04-04-2019";"12:29";"Busqueda";"XML Forma de resumen: Búsqueda";"                <BizAgiWSParam>                <CaseInfo>                <CaseNumber>1462</CaseNumber>                </CaseInfo>                <XPaths>                        <XPath XPath="AnalisisDeRecursos.Usuariocreador.fullName"/>                <XPath XPath="AnalisisDeRecursos.Usuariocreador.contactEmail"/>                        <XPath XPath="AnalisisDeRecursos.Fechadecreacion"/>                        <XPath XPath="AnalisisDeRecursos.Documento"/>                <XPath XPath="AnalisisDeRecursos.RecursosInvolucrados.Nombre"/>                        <XPath XPath="AnalisisDeRecursos.RecursosInvolucrados.Cantidad"/>                        <XPath XPath="AnalisisDeRecursos.RecursosInvolucrados.Unidad.NombreUnidad"/>                    </XPaths>                </BizAgiWSParam>            "
"04-04-2019";"12:29";"Busqueda";"XML Forma de resumen: Respuesta búsqueda";"                <BizAgiWSParam>                <CaseInfo>                <CaseNumber>1462</CaseNumber>                </CaseInfo>                <XPaths>                        <XPath XPath="AnalisisDeRecursos.Usuariocreador.fullName"/>                <XPath XPath="AnalisisDeRecursos.Usuariocreador.contactEmail"/>                        <XPath XPath="AnalisisDeRecursos.Fechadecreacion"/>                        <XPath XPath="AnalisisDeRecursos.Documento"/>                <XPath XPath="AnalisisDeRecursos.RecursosInvolucrados.Nombre"/>                        <XPath XPath="AnalisisDeRecursos.RecursosInvolucrados.Cantidad"/>                        <XPath XPath="AnalisisDeRecursos.RecursosInvolucrados.Unidad.NombreUnidad"/>                    </XPaths>                </BizAgiWSParam>            "
"04-04-2019";"12:30";"Busqueda";"XML Forma de resumen: Búsqueda";"                <BizAgiWSParam>                <CaseInfo>                <CaseNumber>1462</CaseNumber>                </CaseInfo>                <XPaths>                        <XPath XPath="AnalisisDeRecursos.Usuariocreador.fullName"/>                <XPath XPath="AnalisisDeRecursos.Usuariocreador.contactEmail"/>                        <XPath XPath="AnalisisDeRecursos.Fechadecreacion"/>                        <XPath XPath="AnalisisDeRecursos.Documento"/>                <XPath XPath="AnalisisDeRecursos.RecursosInvolucrados.Nombre"/>                        <XPath XPath="AnalisisDeRecursos.RecursosInvolucrados.Cantidad"/>                        <XPath XPath="AnalisisDeRecursos.RecursosInvolucrados.Unidad.NombreUnidad"/>                    </XPaths>                </BizAgiWSParam>            "
"04-04-2019";"12:30";"Busqueda";"XML Forma de resumen: Respuesta búsqueda";"                <BizAgiWSParam>                <CaseInfo>                <CaseNumber>1462</CaseNumber>                </CaseInfo>                <XPaths>                        <XPath XPath="AnalisisDeRecursos.Usuariocreador.fullName"/>                <XPath XPath="AnalisisDeRecursos.Usuariocreador.contactEmail"/>                        <XPath XPath="AnalisisDeRecursos.Fechadecreacion"/>                        <XPath XPath="AnalisisDeRecursos.Documento"/>                <XPath XPath="AnalisisDeRecursos.RecursosInvolucrados.Nombre"/>                        <XPath XPath="AnalisisDeRecursos.RecursosInvolucrados.Cantidad"/>                        <XPath XPath="AnalisisDeRecursos.RecursosInvolucrados.Unidad.NombreUnidad"/>                    </XPaths>                </BizAgiWSParam>            "
"16-04-2019";"18:24";"Casos";"Búsqueda casos";"La cadena de entrada no tiene el formato correcto."
"16-04-2019";"18:25";"Casos";"Búsqueda casos";"La cadena de entrada no tiene el formato correcto."
"16-04-2019";"18:26";"Casos";"Búsqueda casos";"La cadena de entrada no tiene el formato correcto."
"16-04-2019";"18:27";"Casos";"Búsqueda casos";"La cadena de entrada no tiene el formato correcto."
"16-04-2019";"18:27";"Casos";"Búsqueda casos";"La cadena de entrada no tiene el formato correcto."
"16-04-2019";"18:29";"Casos";"Búsqueda casos";"La cadena de entrada no tiene el formato correcto."
"16-04-2019";"18:34";"Casos";"Búsqueda casos";"La cadena de entrada no tiene el formato correcto."
"16-04-2019";"18:37";"Casos";"Búsqueda casos";"La cadena de entrada no tiene el formato correcto."